UAV_ID,Initial_X,Initial_Y,Optimal_X,Optimal_Y,Movement_Distance
FY01,100.0,0.0,97.66742782902585,-13.230848076147911,13.434888676386937
FY02,74.96229729000632,63.124115716615876,83.31892001660964,52.65173974621156,13.397902890388659
FY03,19.044201170560154,110.36901015128855,29.97541275467221,93.89001649231173,19.77494927197599
FY04,-52.10273288589687,91.16087552135994,-37.360003681821894,91.20507247145869,14.7427954525281
FY05,-92.00770214648452,33.74289178069639,-87.22696092958995,45.89384020929869,13.057604462437482
FY06,-105.2722906898315,-38.23277145219291,-96.33482371088445,-20.8789392627818,19.52008728612682
FY07,-52.38886563516721,-90.99674036722632,-60.37804163528897,-77.88172044043473,15.356779637706016
FY08,17.30380046043861,-96.46024305186735,3.8262833742069406,-98.50005769722978,13.631005487384325
FY09,86.14777204829524,-71.57207116686621,66.28616058577995,-72.94382450068541,19.908925563594902
